INCOME,UPI_TRANSACTIONS,UPI_AVG_AMOUNT,UTILITY_BILLS_PAID,UTILITY_REGULARITY,MOBILE_RECHARGE_FREQ,RENT_PAYMENT,SAVINGS_BALANCE,LOAN_REPAYMENT_HISTORY,DIGITAL_FOOTPRINT,SOCIAL_MEDIA_ACTIVITY,EDUCATION_LEVEL,EMPLOYMENT_STABILITY,FAMILY_SIZE,AGE,GENDER,LOCATION_TYPE,DEVICE_TYPE,APP_USAGE_HOURS,BANK_ACCOUNT_AGE,NUM_FINANCIAL_PRODUCTS,INSURANCE_STATUS,REMITTANCE_FREQUENCY,GOVT_SUBSIDY_RECIPIENT,E_COMMERCE_ACTIVITY,PEER_LENDING_SCORE,ROLE,CREDIT_WORTHY
18817,87,137,4,0.79,6,5456,8263,0.34,19,14,1,0.56,3,43,M,urban,basic,1.2,4.4,1,0,2,0,8,0.29,Street Vendor,1
15683,111,138,4,0.65,5,2266,21699,0.38,19,16,1,0.38,5,33,F,semi-urban,smartphone,2.1,2.7,1,1,2,0,4,0.12,Street Vendor,1
9407,59,124,4,0.56,4,4654,18491,0.2,47,21,0,0.34,4,39,M,semi-urban,smartphone,0.6,2.5,1,0,1,0,1,0.04,Street Vendor,0
6806,10,1829,3,0.34,3,1730,23380,0.47,7,2,1,0.6,6,41,M,semi-urban,smartphone,1.5,5.6,0,0,0,1,4,0.15,Rural Farmer,0
30662,187,587,5,0.79,1,10207,76851,0.43,45,17,1,0.9,5,45,M,semi-urban,smartphone,2.8,10.8,2,1,1,1,28,0.32,Kirana Store Owner,1
10898,17,428,4,0.58,4,1329,9820,0.18,27,11,1,0.43,5,22,F,urban,smartphone,0.6,1.8,0,0,5,0,2,0.03,Migrant Worker,0
9029,11,569,4,0.37,1,56,10899,0.28,13,14,0,0.43,6,56,F,rural,basic,1.6,6.6,0,0,1,1,3,0.39,Rural Farmer,0
39978,69,244,5,0.94,3,3952,71157,0.66,40,25,1,0.64,4,37,F,semi-urban,smartphone,2.2,13.0,1,0,1,0,26,0.63,Kirana Store Owner,1
17787,8,124,5,0.64,3,4348,5164,0.18,17,4,1,0.54,4,50,F,semi-urban,basic,1.4,3.6,0,0,1,1,4,0.29,Domestic Worker,0
24165,6,1871,3,0.32,2,1690,5458,0.52,7,5,0,0.64,5,40,F,rural,basic,1.7,4.7,1,0,0,0,2,0.23,Rural Farmer,0
16350,15,311,3,0.4,6,2801,13987,0.03,9,12,0,0.39,7,37,M,semi-urban,basic,1.9,0.6,0,0,8,1,2,0.12,Migrant Worker,0
3929,33,236,2,0.54,3,6659,14426,0.21,74,73,3,0.29,1,20,F,urban,smartphone,7.2,0.1,0,0,0,1,32,0.03,College Student,0
12683,19,1694,3,0.34,2,819,18428,0.65,8,13,1,0.49,6,59,F,rural,basic,0.4,6.6,0,1,1,1,1,0.37,Rural Farmer,0
2825,2,19,1,0.12,0,0,47,0.0,1,0,0,0.08,4,56,F,semi-urban,basic,0.3,0.0,0,0,0,1,0,0.04,College Student,0
1606,1,4,1,0.0,1,500,312,0.0,0,2,0,0.09,4,25,M,rural,basic,0.1,0.4,0,0,0,1,0,0.04,Migrant Worker,0
13163,18,229,4,0.85,1,2282,13648,0.08,24,8,0,0.58,5,28,F,urban,smartphone,0.8,4.9,0,0,0,1,1,0.06,Domestic Worker,0
8234,9,1735,4,0.44,1,1427,16017,0.58,9,4,1,0.51,5,58,M,semi-urban,basic,1.5,7.9,0,0,1,0,0,0.47,Rural Farmer,0
61051,78,1646,4,0.68,1,17757,21348,0.31,57,31,2,0.37,1,28,F,urban,smartphone,2.7,7.9,3,0,1,0,25,0.49,Freelancer,1
35046,99,761,5,0.8,2,9675,67364,0.66,47,10,2,0.7,3,46,F,urban,smartphone,3.6,14.5,2,0,0,1,20,0.43,Kirana Store Owner,1
14367,98,266,4,0.64,6,2082,28570,0.11,48,24,1,0.26,3,28,F,urban,basic,0.5,0.1,1,0,0,1,6,0.39,Street Vendor,0
11505,28,159,5,0.9,1,3168,11076,0.55,12,8,0,0.83,5,53,M,urban,smartphone,0.8,7.2,0,0,0,1,1,0.08,Domestic Worker,0
937,2,18,1,0.04,0,0,444,0.0,2,0,0,0.1,6,42,M,semi-urban,basic,0.3,0.4,0,0,0,1,0,0.02,Freelancer,0
17210,5,497,4,0.61,1,1053,15839,0.39,10,8,1,0.39,7,31,M,rural,basic,1.5,3.9,1,1,0,1,0,0.21,Rural Farmer,0
72301,61,429,4,0.8,2,12658,74475,0.53,81,50,3,0.65,1,29,M,urban,smartphone,3.7,2.9,1,1,0,0,47,0.71,Freelancer,1
6235,18,370,4,0.74,1,4973,7831,0.1,18,4,1,0.61,5,52,F,urban,basic,0.5,7.8,0,0,1,1,1,0.3,Domestic Worker,0
3559,1,23,1,0.05,0,1000,182,0.0,3,1,0,0.02,3,45,M,rural,basic,0.2,0.1,0,0,0,1,0,0.01,Street Vendor,0
8501,23,295,4,0.64,2,2946,11021,0.41,20,11,1,0.54,3,41,M,urban,smartphone,1.0,7.0,0,1,0,0,3,0.35,Domestic Worker,0
15000,15,154,5,0.77,1,1542,715,0.01,9,14,0,0.6,3,26,M,semi-urban,basic,0.9,3.6,0,0,0,1,0,0.13,Domestic Worker,0
10234,10,480,4,0.61,5,2071,14159,0.2,13,15,0,0.16,5,20,F,urban,basic,0.8,2.9,0,0,7,0,5,0.12,Migrant Worker,0
14586,22,128,4,0.61,3,4081,10488,0.05,12,4,1,0.79,5,53,M,semi-urban,smartphone,0.7,4.4,0,1,0,1,0,0.21,Domestic Worker,0
12504,25,142,4,0.9,1,3885,14892,0.15,8,9,0,0.51,5,33,M,semi-urban,basic,0.9,2.4,0,0,1,0,3,0.38,Domestic Worker,0
24103,100,156,5,0.55,2,3970,29594,0.06,10,14,1,0.51,5,47,M,urban,smartphone,2.4,2.9,1,0,1,0,13,0.11,Street Vendor,1
14972,5,668,3,0.67,1,1896,3712,0.69,6,14,1,0.6,6,40,F,semi-urban,basic,0.7,7.0,1,1,1,1,2,0.22,Rural Farmer,0
1760,1,34,1,0.12,1,500,614,0.0,2,0,0,0.03,4,45,F,semi-urban,basic,0.1,0.0,0,0,0,0,0,0.03,Freelancer,0
19531,13,1131,4,0.46,2,698,21382,0.56,14,9,0,0.47,7,37,F,rural,smartphone,1.6,6.2,1,1,0,1,0,0.36,Rural Farmer,0
14680,17,1677,2,0.44,3,517,39174,0.13,15,13,1,0.64,4,47,F,rural,basic,1.8,2.7,0,1,1,1,2,0.13,Rural Farmer,0
2901,0,12,1,0.01,1,500,213,0.0,2,2,0,0.06,3,54,F,semi-urban,basic,0.2,0.1,0,0,0,0,0,0.02,Migrant Worker,0
5006,1,30,0,0.01,0,0,955,0.0,4,2,0,0.09,6,43,M,rural,smartphone,0.2,0.5,0,0,0,0,0,0.01,Rural Farmer,0
14520,19,533,2,0.6,3,1853,10554,0.44,16,17,0,0.3,4,26,F,semi-urban,smartphone,0.7,1.4,0,0,4,1,8,0.29,Migrant Worker,0
17185,23,605,2,0.35,5,2548,4517,0.44,19,23,0,0.49,7,24,F,semi-urban,smartphone,0.5,2.9,0,0,5,1,1,0.13,Migrant Worker,0
20833,14,1699,4,0.34,1,1063,9339,0.4,11,14,1,0.36,4,43,F,semi-urban,basic,1.8,9.3,1,0,1,1,4,0.24,Rural Farmer,0
355,49,274,3,0.31,5,3725,2051,0.28,64,61,2,0.03,1,20,F,semi-urban,smartphone,7.3,2.8,0,1,0,0,19,0.14,College Student,0
5543,47,209,2,0.56,2,6179,4931,0.1,66,87,3,0.23,1,21,M,semi-urban,smartphone,5.4,1.4,0,0,0,0,28,0.23,College Student,0
9891,18,135,2,0.69,5,5180,6935,0.25,56,58,2,0.05,1,24,F,urban,smartphone,5.4,2.1,0,0,0,0,23,0.24,College Student,0
32770,58,407,3,0.77,3,7544,19229,0.13,57,45,2,0.26,2,27,F,semi-urban,smartphone,7.7,2.4,0,0,1,0,19,0.51,Gig Worker,1
9989,19,109,5,0.66,1,3313,11651,0.22,10,14,0,0.63,5,31,M,urban,basic,0.8,3.5,0,1,0,1,3,0.2,Domestic Worker,0
74491,22,1700,4,0.81,2,7165,86683,0.49,79,50,3,0.65,2,25,F,semi-urban,smartphone,4.8,1.3,1,0,1,0,10,0.45,Freelancer,1
12854,4,1294,2,0.53,2,1350,25409,0.5,7,1,1,0.48,5,41,M,rural,basic,1.7,9.1,1,0,0,1,1,0.23,Rural Farmer,0
8612,26,345,5,0.83,2,3385,4282,0.19,15,12,0,0.8,3,47,F,urban,basic,1.2,5.4,0,0,0,1,4,0.15,Domestic Worker,0
1530,33,151,1,0.65,4,7560,7583,0.04,66,52,3,0.26,1,18,M,semi-urban,smartphone,7.2,1.0,0,0,0,0,37,0.21,College Student,0
3735,41,222,3,0.48,4,3865,3214,0.01,54,53,3,0.1,1,23,F,semi-urban,smartphone,4.0,1.0,0,1,0,0,20,0.14,College Student,0
8523,10,1567,4,0.65,3,1855,25076,0.12,7,7,1,0.56,5,44,M,rural,basic,0.7,2.6,0,1,1,1,3,0.16,Rural Farmer,0
16685,10,204,4,0.94,3,3173,15758,0.4,22,4,1,0.5,3,54,F,urban,basic,1.4,4.2,0,0,0,1,0,0.24,Domestic Worker,0
34,1,10,1,0.13,0,0,60,0.0,0,1,0,0.09,5,31,F,rural,smartphone,0.1,0.4,0,0,0,0,0,0.04,Rural Farmer,0
6500,16,657,4,0.36,3,1095,36034,0.57,12,1,1,0.55,6,32,M,rural,basic,1.8,4.6,0,0,1,1,3,0.45,Rural Farmer,0
26927,39,191,4,0.64,3,7362,23798,0.12,32,40,1,0.35,1,33,M,urban,smartphone,6.7,1.7,1,1,1,0,29,0.11,Gig Worker,0
1012,37,120,1,0.62,4,2130,13088,0.11,73,59,3,0.04,1,23,F,urban,smartphone,4.0,1.3,0,0,0,0,33,0.17,College Student,0
32957,43,446,4,0.61,5,3857,13425,0.64,51,55,2,0.44,1,31,F,urban,smartphone,4.6,4.7,0,0,1,0,14,0.34,Gig Worker,1
10119,109,133,5,0.61,2,3333,27704,0.41,25,16,1,0.36,6,37,M,urban,smartphone,1.6,1.1,0,0,0,0,7,0.21,Street Vendor,0
3781,50,86,3,0.43,2,6304,8646,0.21,92,66,3,0.04,1,18,M,urban,smartphone,9.9,2.8,0,0,0,0,38,0.36,College Student,0
11805,35,434,4,0.72,4,3268,6128,0.55,54,51,1,0.43,1,30,M,urban,smartphone,7.2,2.1,1,0,0,0,39,0.36,Gig Worker,1
17667,17,655,4,0.46,9,3801,10311,0.29,15,14,1,0.22,6,30,M,rural,smartphone,1.3,2.7,0,0,6,0,6,0.08,Migrant Worker,0
2498,54,108,3,0.47,5,2586,9603,0.27,50,48,2,0.3,1,22,M,semi-urban,smartphone,3.1,1.8,0,0,0,1,31,0.1,College Student,0
23525,80,272,4,0.72,4,2375,15828,0.45,33,1,0,0.48,3,54,F,urban,basic,0.6,0.2,1,0,1,0,7,0.38,Street Vendor,1
10128,6,572,4,0.34,2,229,2382,0.5,9,3,1,0.43,4,50,M,semi-urban,basic,1.1,9.7,1,0,0,1,0,0.19,Rural Farmer,0
11648,43,220,4,0.65,3,3984,11940,0.24,37,10,1,0.46,6,46,M,urban,basic,1.9,2.1,1,0,2,0,3,0.29,Street Vendor,0
41973,43,1763,5,0.74,3,13368,72713,0.33,69,36,3,0.54,3,33,F,urban,smartphone,6.2,3.4,3,1,0,0,23,0.31,Freelancer,1
81,35,189,1,0.5,2,4443,138,0.01,60,66,2,0.21,1,18,F,urban,smartphone,8.3,0.3,0,0,0,0,24,0.21,College Student,0
24374,117,68,4,0.42,7,4092,1352,0.62,35,20,0,0.41,5,41,F,semi-urban,basic,2.8,4.8,0,0,1,0,4,0.09,Street Vendor,1
26349,51,163,4,0.43,4,8849,19320,0.15,31,29,1,0.48,3,24,F,semi-urban,smartphone,4.0,1.6,0,0,0,0,22,0.46,Gig Worker,1
29732,97,594,3,0.61,4,6099,2873,0.28,67,29,1,0.31,2,26,M,urban,smartphone,4.0,1.1,1,1,0,0,16,0.53,Gig Worker,0
2510,0,42,0,0.14,0,500,628,0.0,3,2,1,0.0,7,42,F,rural,basic,0.1,0.3,0,0,0,1,0,0.05,Street Vendor,0
22805,102,562,5,0.71,1,9910,38552,0.36,50,19,2,0.84,4,50,F,urban,smartphone,3.5,13.2,1,1,1,0,11,0.46,Kirana Store Owner,1
34677,78,311,4,0.53,2,8671,17712,0.16,51,31,2,0.49,3,21,F,urban,smartphone,4.2,0.3,1,1,1,0,20,0.21,Gig Worker,1
23346,17,1834,2,0.3,2,902,16876,0.2,18,1,0,0.31,5,56,F,rural,basic,0.2,5.7,1,1,0,0,3,0.37,Rural Farmer,0
16599,6,498,5,0.68,2,1722,4113,0.48,21,8,0,0.51,5,40,M,semi-urban,basic,0.3,7.6,0,0,0,1,2,0.31,Domestic Worker,0
23492,8,269,2,0.39,1,1622,5952,0.61,17,1,1,0.42,5,50,M,rural,basic,0.3,3.4,0,0,1,1,1,0.39,Rural Farmer,0
5174,39,121,3,0.53,3,6972,13865,0.12,87,49,2,0.28,1,24,F,urban,smartphone,8.1,0.7,0,0,0,1,23,0.15,College Student,0
23654,62,142,4,0.72,5,3475,2771,0.52,28,22,1,0.27,4,45,M,semi-urban,basic,2.4,0.2,1,0,1,1,1,0.37,Street Vendor,0
13615,22,438,4,0.3,8,1745,12990,0.39,18,24,1,0.28,7,28,F,semi-urban,basic,0.5,1.2,0,0,4,1,0,0.09,Migrant Worker,0
16194,13,784,2,0.35,7,3517,4156,0.1,18,8,1,0.1,7,34,F,semi-urban,smartphone,1.6,1.0,0,0,7,0,1,0.25,Migrant Worker,0
31091,47,1912,5,0.79,3,17344,10939,0.62,86,57,3,0.57,2,35,F,semi-urban,smartphone,3.7,7.9,2,0,1,0,26,0.72,Freelancer,1
11910,46,128,4,0.68,6,3275,4496,0.24,35,26,1,0.49,6,35,M,urban,basic,0.6,4.4,1,1,2,1,14,0.18,Street Vendor,0
11967,6,442,3,0.3,3,2006,8543,0.34,9,6,1,0.36,7,36,F,rural,smartphone,1.5,0.5,0,0,10,0,5,0.03,Migrant Worker,0
7432,6,1371,3,0.5,3,942,15808,0.68,17,4,0,0.53,4,29,M,rural,basic,1.9,1.5,1,0,1,1,3,0.21,Rural Farmer,0
59014,38,1883,5,0.83,3,14419,64377,0.55,52,38,2,0.33,2,27,M,urban,smartphone,4.5,9.4,2,1,1,0,27,0.25,Freelancer,1
16076,4,1542,2,0.56,1,692,16546,0.42,15,12,1,0.41,7,30,M,rural,basic,1.0,9.2,0,1,0,1,2,0.24,Rural Farmer,0
36268,176,351,5,0.71,3,4859,78837,0.7,54,5,2,0.7,4,34,M,semi-urban,smartphone,1.6,9.0,2,1,0,0,9,0.33,Kirana Store Owner,1
2569,33,69,2,0.69,3,3212,9962,0.21,92,62,3,0.24,1,19,M,urban,smartphone,4.9,1.0,0,0,0,0,20,0.13,College Student,0
22929,43,257,3,0.51,6,5871,22952,0.02,13,23,0,0.4,3,22,M,urban,basic,2.1,4.0,1,1,0,0,9,0.32,Street Vendor,0
15702,71,343,4,0.55,2,8689,27822,0.4,51,25,2,0.38,2,23,M,semi-urban,smartphone,7.4,0.4,1,1,0,0,23,0.48,Gig Worker,1
12415,79,262,4,0.43,4,4369,21979,0.15,42,10,1,0.47,5,50,M,urban,smartphone,2.5,3.3,1,0,0,0,12,0.35,Street Vendor,0
44878,45,289,5,0.52,3,16897,56924,0.32,82,42,2,0.48,1,39,F,semi-urban,smartphone,5.1,3.0,2,1,1,0,20,0.21,Freelancer,1
7580,13,826,4,0.53,3,832,21878,0.26,2,9,1,0.66,7,32,F,semi-urban,basic,2.0,9.7,0,1,1,1,1,0.31,Rural Farmer,0
4349,2,2,0,0.11,0,0,521,0.0,4,0,0,0.01,4,33,M,rural,basic,0.0,0.1,0,0,0,0,0,0.04,Domestic Worker,0
12089,20,492,4,0.65,2,2089,2219,0.02,9,12,1,0.89,3,32,M,urban,basic,0.9,5.4,0,0,1,1,0,0.23,Domestic Worker,0
2530,0,29,1,0.03,1,1000,733,0.0,0,2,1,0.07,6,33,F,semi-urban,basic,0.3,0.2,0,0,0,0,0,0.0,Street Vendor,0
2273,0,45,0,0.11,0,0,946,0.0,1,2,1,0.0,7,55,F,rural,basic,0.1,0.4,0,0,0,0,0,0.04,Rural Farmer,0
23442,84,291,5,0.56,2,4436,20581,0.49,49,55,1,0.25,1,27,M,urban,smartphone,3.6,4.0,0,0,1,0,38,0.36,Gig Worker,1
19860,95,200,3,0.56,6,3380,6221,0.61,23,0,0,0.41,5,33,F,urban,basic,1.8,3.5,0,0,1,0,1,0.44,Street Vendor,1
24085,49,234,4,0.77,6,5874,23657,0.68,37,25,0,0.6,3,24,M,urban,basic,2.6,3.5,0,0,0,0,5,0.41,Street Vendor,1
16216,7,192,4,0.61,2,3238,4726,0.39,24,2,0,0.74,5,38,M,semi-urban,basic,1.1,7.9,0,0,1,1,2,0.11,Domestic Worker,0
50825,70,289,5,0.56,1,14124,46626,0.22,54,38,2,0.48,2,25,M,semi-urban,smartphone,2.8,8.0,1,0,1,0,56,0.42,Freelancer,1
10970,24,402,5,0.67,1,4572,1513,0.16,22,13,1,0.57,5,41,F,urban,basic,0.2,0.5,0,1,0,1,2,0.04,Domestic Worker,0
20647,85,77,5,0.7,2,3589,1972,0.61,41,4,1,0.34,5,45,M,semi-urban,smartphone,1.9,3.6,1,1,0,0,5,0.11,Street Vendor,1
6810,15,485,5,0.72,3,1682,10882,0.54,13,3,0,0.51,4,54,M,semi-urban,smartphone,0.5,4.5,0,0,1,0,0,0.01,Domestic Worker,0
22202,81,344,4,0.55,2,8772,19652,0.53,54,37,1,0.4,3,30,F,urban,smartphone,7.4,4.1,0,0,2,0,19,0.19,Gig Worker,1
11939,12,223,4,0.4,6,2595,9303,0.05,26,24,0,0.23,5,29,M,rural,basic,1.3,2.0,0,0,9,0,6,0.04,Migrant Worker,0
8861,17,668,2,0.31,7,2456,10036,0.39,18,23,1,0.46,7,42,M,semi-urban,smartphone,2.4,2.0,0,0,9,1,5,0.04,Migrant Worker,0
29226,122,842,5,0.95,1,10246,64028,0.84,54,12,2,0.63,3,43,F,semi-urban,smartphone,1.8,7.2,2,1,1,0,5,0.53,Kirana Store Owner,1
12825,16,194,5,0.81,1,2845,17904,0.38,14,9,0,0.74,3,39,M,urban,smartphone,0.7,7.1,0,0,0,1,4,0.1,Domestic Worker,0
92,22,71,1,0.54,2,4568,12122,0.1,79,53,3,0.18,1,18,F,semi-urban,smartphone,7.1,1.4,0,0,0,0,23,0.11,College Student,0
10825,15,1699,4,0.54,2,1779,16151,0.49,14,3,1,0.6,6,29,M,rural,basic,1.5,5.6,0,1,0,1,2,0.19,Rural Farmer,0
2558,1,8,0,0.1,1,1000,805,0.0,2,0,0,0.06,3,21,F,rural,basic,0.3,0.2,0,0,0,0,0,0.04,Freelancer,0
17005,3,1127,4,0.46,2,848,6486,0.45,9,2,1,0.46,4,42,F,semi-urban,smartphone,1.5,1.7,1,1,1,1,2,0.27,Rural Farmer,0
42191,149,369,5,0.93,2,3297,14955,0.7,58,10,2,0.77,5,32,F,urban,smartphone,2.5,2.2,2,1,1,0,27,0.53,Kirana Store Owner,1
4789,32,274,3,0.68,5,2078,13454,0.15,57,72,3,0.29,1,24,F,semi-urban,smartphone,6.8,0.1,0,1,0,0,33,0.06,College Student,0
11194,6,224,4,0.6,1,4900,19924,0.38,9,11,0,0.62,4,45,M,semi-urban,basic,0.9,5.1,0,1,1,1,1,0.38,Domestic Worker,0
17552,6,499,3,0.3,2,596,14230,0.24,2,0,1,0.36,4,43,M,rural,basic,1.0,5.6,1,1,0,1,2,0.23,Rural Farmer,0
9870,74,154,3,0.73,2,3350,7610,0.6,47,9,0,0.2,4,24,F,urban,smartphone,1.7,1.5,0,0,0,0,7,0.03,Street Vendor,0
56337,60,1045,5,0.6,3,5933,41875,0.44,47,30,3,0.67,1,22,M,urban,smartphone,5.2,3.2,2,0,1,0,23,0.68,Freelancer,1
10956,100,105,4,0.68,5,4320,12491,0.11,13,26,1,0.53,4,37,M,urban,basic,2.7,4.0,1,0,2,0,6,0.19,Street Vendor,0
7433,35,72,2,0.45,4,4512,3781,0.29,69,42,3,0.12,1,22,F,semi-urban,smartphone,3.9,0.3,0,0,0,0,21,0.38,College Student,0
27443,94,513,5,0.86,3,7905,66620,0.75,46,27,2,0.73,4,39,F,semi-urban,smartphone,1.0,4.0,2,1,0,0,19,0.65,Kirana Store Owner,1
2821,2,5,1,0.11,1,0,248,0.0,3,0,0,0.08,5,52,F,rural,basic,0.1,0.3,0,0,0,1,0,0.02,College Student,0
17871,49,460,5,0.48,2,9458,5270,0.37,52,34,3,0.47,3,21,M,semi-urban,smartphone,7.2,2.2,1,1,1,0,19,0.5,Gig Worker,0
22740,59,183,4,0.67,4,3190,17294,0.52,13,1,2,0.3,6,25,M,urban,smartphone,2.9,2.9,1,0,0,0,8,0.11,Street Vendor,1
65492,79,1310,4,0.61,2,16708,12265,0.27,55,45,3,0.63,1,30,M,urban,smartphone,7.9,4.6,3,0,0,0,19,0.41,Freelancer,1
24300,2,671,3,0.52,1,1721,11895,0.52,10,11,0,0.62,4,37,F,rural,basic,0.7,5.9,0,1,0,1,1,0.49,Rural Farmer,0
27651,48,501,3,0.75,5,3912,15732,0.45,61,35,2,0.27,3,30,M,semi-urban,smartphone,3.2,0.0,0,0,1,0,13,0.31,Gig Worker,1
20393,45,132,3,0.54,3,3300,23366,0.08,39,19,1,0.55,5,34,M,urban,smartphone,2.4,2.8,1,0,0,1,6,0.01,Street Vendor,0
35673,45,797,4,0.54,1,14556,76195,0.4,69,62,3,0.47,3,39,M,urban,smartphone,7.5,4.1,2,1,1,0,27,0.46,Freelancer,1
11238,5,308,4,0.71,2,1940,13876,0.58,7,2,0,0.73,3,45,F,urban,basic,1.2,1.2,0,0,0,1,3,0.39,Domestic Worker,0
4566,2,35,0,0.02,1,500,999,0.0,0,1,0,0.06,5,37,F,rural,basic,0.1,0.0,0,0,0,0,0,0.01,Domestic Worker,0
31365,54,327,5,0.68,5,4654,24461,0.2,56,35,1,0.47,3,25,M,semi-urban,smartphone,7.2,0.5,1,0,0,0,15,0.4,Gig Worker,1
1709,1,9,0,0.11,0,0,205,0.0,1,1,0,0.0,7,22,M,semi-urban,basic,0.2,0.3,0,0,0,0,0,0.05,Kirana Store Owner,0
21502,108,101,4,0.7,7,4886,4094,0.29,11,23,1,0.57,6,28,F,semi-urban,basic,1.0,1.2,1,0,1,0,8,0.34,Street Vendor,1
66641,28,1173,5,0.63,3,11792,31422,0.79,49,38,3,0.34,1,28,M,urban,smartphone,5.0,3.2,2,1,1,0,18,0.38,Freelancer,1
5461,0,22,1,0.02,1,0,435,0.0,2,1,1,0.06,6,20,F,rural,basic,0.2,0.1,0,0,0,0,0,0.0,Rural Farmer,0
11098,107,168,4,0.44,5,3918,17354,0.37,33,22,0,0.29,5,34,M,urban,smartphone,2.1,2.9,0,0,0,0,3,0.05,Street Vendor,0
9635,71,102,4,0.61,6,2914,28275,0.59,16,29,1,0.47,5,29,F,urban,smartphone,1.9,4.4,0,0,1,1,12,0.2,Street Vendor,1
21198,18,1595,3,0.46,1,516,19487,0.41,2,8,1,0.49,6,40,F,rural,basic,1.5,9.1,1,0,1,1,0,0.23,Rural Farmer,0
4330,0,20,0,0.03,1,0,276,0.0,3,0,0,0.06,4,57,F,rural,smartphone,0.0,0.2,0,0,0,1,0,0.03,Domestic Worker,0
27277,124,985,5,0.96,1,10497,68288,0.86,38,11,1,0.66,5,30,M,semi-urban,smartphone,2.8,4.9,2,0,1,0,12,0.38,Kirana Store Owner,1
20803,16,307,4,0.4,1,1101,18064,0.35,7,9,0,0.61,4,49,M,semi-urban,basic,0.7,4.8,0,0,0,1,2,0.16,Rural Farmer,1
15922,63,1940,4,0.64,3,16596,83792,0.69,55,41,3,0.46,2,24,F,urban,smartphone,7.1,6.4,3,0,0,0,50,0.23,Freelancer,1
1339,1,28,1,0.1,1,500,847,0.0,0,2,0,0.07,4,26,M,semi-urban,basic,0.1,0.1,0,0,0,0,0,0.04,Domestic Worker,0
43199,26,1385,5,0.72,3,13499,20618,0.83,72,74,2,0.44,2,38,F,semi-urban,smartphone,6.8,1.9,2,1,0,0,59,0.33,Freelancer,1
1917,54,269,1,0.33,2,3803,750,0.07,76,58,3,0.21,1,24,F,semi-urban,smartphone,6.2,1.6,0,0,0,0,40,0.15,College Student,0
26012,35,450,5,0.45,3,5832,9264,0.23,45,27,2,0.35,3,26,M,urban,smartphone,3.2,3.9,0,0,1,0,38,0.3,Gig Worker,1
9614,35,101,2,0.31,3,3077,3701,0.19,81,68,3,0.12,1,19,M,urban,smartphone,8.1,2.8,0,1,0,1,44,0.08,College Student,0
5623,46,292,3,0.42,2,2387,10062,0.14,75,57,2,0.29,1,24,M,urban,smartphone,8.9,2.5,0,0,0,1,29,0.03,College Student,0
9033,55,180,3,0.48,5,7736,10084,0.13,81,50,2,0.24,1,19,F,urban,smartphone,3.9,1.8,0,1,0,1,42,0.25,College Student,0
7545,6,574,3,0.35,4,1516,5772,0.13,26,16,1,0.22,5,37,M,rural,smartphone,2.0,1.8,0,0,6,0,6,0.25,Migrant Worker,0
17452,68,501,5,0.86,3,4565,13963,0.86,34,20,2,0.77,3,43,M,urban,smartphone,2.4,12.6,1,1,0,0,27,0.46,Kirana Store Owner,1
6570,7,1650,4,0.36,1,855,23300,0.61,5,13,1,0.51,7,32,M,semi-urban,basic,0.6,6.4,0,0,0,1,3,0.32,Rural Farmer,0
60151,55,1569,4,0.61,1,15484,25777,0.66,58,51,2,0.63,2,26,M,urban,smartphone,6.9,6.7,3,1,0,0,54,0.4,Freelancer,1
3724,2,24,1,0.06,0,0,206,0.0,3,1,0,0.09,6,20,F,rural,basic,0.1,0.2,0,0,0,1,0,0.01,College Student,0
36150,112,312,5,0.74,3,5880,54101,0.36,40,9,1,0.61,3,47,M,urban,smartphone,3.3,3.9,1,1,0,1,17,0.3,Kirana Store Owner,1
20943,7,1616,4,0.59,3,0,18828,0.58,8,11,0,0.62,4,51,M,rural,smartphone,1.2,8.5,1,0,0,0,2,0.26,Rural Farmer,1
5801,1,43,0,0.09,1,0,372,0.0,0,1,0,0.07,6,23,M,semi-urban,basic,0.1,0.2,0,0,0,1,0,0.05,Migrant Worker,0
5199,1,45,1,0.06,0,500,675,0.0,0,0,0,0.05,6,47,F,semi-urban,basic,0.1,0.4,0,0,0,0,0,0.05,Domestic Worker,0
14983,8,158,3,0.52,7,1822,5224,0.29,25,19,0,0.18,6,39,M,semi-urban,basic,1.5,2.2,0,0,10,0,4,0.29,Migrant Worker,0
52682,76,1016,4,0.52,3,18653,48026,0.68,71,77,3,0.31,1,32,F,urban,smartphone,5.5,6.3,2,1,1,0,31,0.25,Freelancer,1
2851,2,6,0,0.09,1,0,287,0.0,0,2,0,0.0,5,47,F,semi-urban,basic,0.3,0.2,0,0,0,0,0,0.01,Gig Worker,0
30479,48,973,5,0.69,3,16541,91301,0.73,59,71,3,0.36,3,35,F,semi-urban,smartphone,5.1,6.5,3,1,1,0,12,0.22,Freelancer,1
19756,20,756,4,0.44,9,2876,6033,0.31,25,6,0,0.18,6,40,F,rural,smartphone,0.8,1.8,0,0,5,0,1,0.07,Migrant Worker,0
23364,111,407,5,0.77,1,9122,29689,0.31,53,8,2,0.91,4,48,F,urban,smartphone,2.9,6.0,1,1,0,0,15,0.68,Kirana Store Owner,1
10679,24,362,5,0.66,1,1699,14725,0.37,10,3,1,0.55,3,48,F,urban,smartphone,0.8,6.2,0,0,1,1,0,0.36,Domestic Worker,0
33356,50,377,5,0.51,3,4905,16636,0.66,36,44,3,0.25,3,21,M,semi-urban,smartphone,7.4,2.9,0,1,1,0,36,0.23,Gig Worker,1
65805,34,311,5,0.78,2,16271,34802,0.45,46,55,3,0.53,2,36,M,semi-urban,smartphone,3.9,3.3,1,1,0,0,26,0.72,Freelancer,1
10963,7,216,2,0.42,9,2029,3293,0.39,29,14,0,0.29,4,33,F,semi-urban,smartphone,2.5,0.2,0,0,6,0,7,0.02,Migrant Worker,0
11861,8,775,3,0.36,7,3178,13351,0.16,14,7,1,0.12,6,42,M,semi-urban,smartphone,0.5,1.6,0,0,6,0,3,0.23,Migrant Worker,0
14585,14,482,5,0.74,1,3908,9782,0.28,13,3,0,0.81,5,32,F,urban,smartphone,0.8,3.1,0,0,1,1,2,0.06,Domestic Worker,1
26740,42,512,4,0.64,4,5133,29178,0.35,37,23,2,0.33,2,26,F,urban,smartphone,5.1,2.3,0,0,2,0,29,0.43,Gig Worker,1
36770,162,973,5,0.9,1,7431,47805,0.68,53,9,1,0.73,4,36,F,semi-urban,smartphone,2.2,7.8,2,1,0,1,18,0.69,Kirana Store Owner,1
10635,19,454,4,0.63,8,3415,2477,0.13,8,6,1,0.41,7,35,M,semi-urban,smartphone,2.2,2.6,0,0,11,0,0,0.19,Migrant Worker,0
67525,50,1810,4,0.82,3,7307,21899,0.38,89,77,2,0.4,1,35,M,semi-urban,smartphone,2.2,1.5,2,1,0,0,59,0.43,Freelancer,1
3585,2,40,1,0.12,1,0,811,0.0,0,0,1,0.12,4,53,M,rural,smartphone,0.3,0.5,0,0,0,0,0,0.02,Kirana Store Owner,0
17725,188,947,5,0.78,1,9022,59476,0.52,36,16,1,0.8,3,34,M,semi-urban,smartphone,3.1,10.0,1,1,0,0,5,0.61,Kirana Store Owner,1
16800,44,472,3,0.5,2,8435,22242,0.3,62,22,3,0.38,2,23,M,urban,smartphone,7.3,3.9,0,0,1,0,39,0.23,Gig Worker,0
8251,4,1659,4,0.31,3,588,39829,0.63,14,1,0,0.4,7,27,M,semi-urban,basic,1.1,6.8,1,0,1,1,4,0.29,Rural Farmer,0
2109,2,49,0,0.04,1,500,80,0.0,4,2,0,0.02,5,52,F,rural,basic,0.2,0.2,0,0,0,1,0,0.05,Rural Farmer,0
3389,53,173,3,0.42,2,6009,2146,0.2,90,42,3,0.17,1,20,F,urban,smartphone,6.5,0.4,0,1,0,0,31,0.4,College Student,0
33928,75,470,5,0.93,2,7722,67285,0.72,45,13,2,0.79,4,34,F,semi-urban,smartphone,1.7,9.8,2,1,0,0,27,0.66,Kirana Store Owner,1
7428,49,127,2,0.51,5,2573,10284,0.19,51,42,2,0.29,1,23,F,urban,smartphone,7.6,2.0,0,0,0,0,29,0.13,College Student,0
29794,116,289,5,0.91,2,10469,60264,0.44,36,11,1,0.88,3,42,M,semi-urban,smartphone,1.6,10.1,1,1,1,0,8,0.42,Kirana Store Owner,1
19096,47,149,5,0.5,3,3172,7907,0.51,45,0,0,0.54,3,22,M,semi-urban,smartphone,2.1,3.5,1,0,1,0,12,0.18,Street Vendor,1
50647,65,1132,4,0.73,3,14307,11314,0.75,77,38,2,0.6,2,29,F,urban,smartphone,5.6,4.9,3,1,1,0,47,0.38,Freelancer,1
22028,61,442,5,0.63,2,7266,11334,0.36,53,34,1,0.32,3,25,F,urban,smartphone,3.5,3.4,1,0,1,0,11,0.54,Gig Worker,1
8353,47,211,2,0.35,2,4241,4752,0.05,80,73,3,0.09,1,23,F,semi-urban,smartphone,3.0,0.6,0,1,0,1,27,0.07,College Student,0
28254,146,185,5,0.88,3,9812,69020,0.82,44,9,1,0.91,3,30,M,semi-urban,smartphone,1.5,6.4,1,1,0,1,20,0.57,Kirana Store Owner,1
44270,68,550,5,0.94,1,5727,25082,0.39,45,13,1,0.94,4,40,F,semi-urban,smartphone,3.0,5.3,1,1,1,1,25,0.53,Kirana Store Owner,1
9670,20,278,5,0.72,2,3389,7897,0.32,5,14,0,0.81,4,53,M,urban,smartphone,0.5,1.4,0,0,1,1,3,0.16,Domestic Worker,0
3312,1,35,0,0.13,1,0,796,0.0,3,0,0,0.02,6,49,F,rural,smartphone,0.0,0.3,0,0,0,0,0,0.01,Domestic Worker,0
10760,18,571,2,0.35,5,3386,5855,0.48,6,10,1,0.45,6,20,F,rural,smartphone,0.6,1.1,0,0,8,1,9,0.22,Migrant Worker,0
2667,0,22,0,0.14,0,500,322,0.0,1,1,0,0.04,5,24,M,semi-urban,basic,0.2,0.4,0,0,0,0,0,0.03,Migrant Worker,0
12736,59,218,5,0.46,3,4912,27339,0.34,24,18,1,0.59,6,48,M,semi-urban,basic,2.2,4.3,0,1,0,1,12,0.17,Street Vendor,0
20508,98,176,5,0.65,5,8121,27062,0.2,58,28,1,0.47,3,26,F,urban,smartphone,6.9,2.3,1,0,0,0,16,0.24,Gig Worker,1
32242,93,591,5,0.7,2,5286,14332,0.39,54,22,2,0.38,3,34,M,urban,smartphone,4.3,0.8,1,1,0,0,19,0.4,Gig Worker,1
19370,64,510,5,0.51,1,19074,61510,0.66,80,79,2,0.51,1,36,F,semi-urban,smartphone,2.3,1.5,3,1,0,0,40,0.35,Freelancer,1
68160,64,1878,5,0.71,1,6974,53464,0.81,82,38,3,0.46,1,25,F,urban,smartphone,5.5,6.0,2,1,0,0,56,0.74,Freelancer,1
13164,5,379,3,0.42,7,1461,1467,0.47,29,15,1,0.31,6,30,M,rural,basic,2.5,2.1,0,0,11,0,0,0.09,Migrant Worker,0
19929,10,731,3,0.35,6,1991,3426,0.46,19,14,0,0.41,4,25,M,semi-urban,smartphone,1.5,0.7,0,0,9,0,9,0.04,Migrant Worker,0
24665,64,148,5,0.48,7,2281,3185,0.19,18,20,1,0.39,4,31,F,urban,smartphone,2.2,3.5,0,0,0,0,12,0.43,Street Vendor,0
24658,61,750,5,0.89,3,8250,61170,0.44,38,25,1,0.77,5,37,F,semi-urban,smartphone,1.6,5.7,1,1,0,0,9,0.68,Kirana Store Owner,1
13849,5,401,4,0.94,1,3219,9602,0.57,15,8,1,0.71,4,40,M,semi-urban,basic,1.1,7.2,0,1,1,1,2,0.32,Domestic Worker,0
13274,22,308,4,0.86,1,4074,3405,0.59,9,5,0,0.58,4,47,M,urban,basic,1.0,3.4,0,1,0,1,2,0.34,Domestic Worker,1
19614,82,174,5,0.73,2,2560,24854,0.35,20,7,1,0.23,5,41,M,urban,smartphone,1.9,4.2,0,0,1,0,2,0.37,Street Vendor,1
19589,92,214,3,0.72,2,7503,15768,0.1,40,22,1,0.3,1,32,M,urban,smartphone,5.1,4.9,0,1,1,0,15,0.29,Gig Worker,1
4078,0,1,0,0.1,0,1000,344,0.0,1,0,0,0.03,5,28,M,semi-urban,basic,0.0,0.3,0,0,0,0,0,0.02,Freelancer,0
11765,4,1264,3,0.69,1,486,32706,0.43,16,0,1,0.37,6,33,M,semi-urban,basic,0.2,8.4,0,0,1,0,1,0.3,Rural Farmer,0
6601,47,236,3,0.51,4,4646,12541,0.01,83,71,3,0.28,1,19,M,urban,smartphone,6.4,2.1,0,0,0,0,18,0.37,College Student,0
9181,6,458,3,0.59,5,2863,2245,0.46,22,7,1,0.27,7,23,F,rural,smartphone,0.9,0.1,0,0,7,0,4,0.2,Migrant Worker,0
15847,3,1131,2,0.38,1,1028,31199,0.4,12,13,0,0.31,5,29,M,rural,basic,0.6,2.2,1,1,0,1,3,0.35,Rural Farmer,0
8856,10,504,2,0.41,4,2318,8907,0.2,17,10,1,0.5,4,46,F,rural,smartphone,1.3,0.8,0,0,4,0,9,0.2,Migrant Worker,0
1888,39,104,3,0.63,5,4141,4028,0.12,94,53,3,0.22,1,21,F,semi-urban,smartphone,8.7,0.1,0,0,0,0,25,0.12,College Student,0
11056,22,626,4,0.35,9,1938,12134,0.48,26,7,0,0.23,6,22,F,rural,smartphone,1.8,0.9,0,0,7,0,0,0.06,Migrant Worker,0
9927,13,495,5,0.7,2,2599,19482,0.55,10,12,1,0.54,4,30,M,urban,basic,1.1,3.4,0,0,0,1,3,0.17,Domestic Worker,0
24175,33,189,5,0.57,3,5390,27993,0.52,64,42,2,0.34,1,29,F,urban,smartphone,6.7,1.5,0,0,1,0,19,0.43,Gig Worker,1
36082,32,888,5,0.84,2,16702,27220,0.77,89,39,2,0.48,2,27,M,semi-urban,smartphone,5.7,3.0,1,1,0,0,18,0.45,Freelancer,1
2430,0,42,0,0.07,0,0,596,0.0,3,0,1,0.08,7,35,F,semi-urban,basic,0.0,0.5,0,0,0,1,0,0.0,Migrant Worker,0
34893,67,1896,4,0.67,2,12948,57428,0.32,89,38,3,0.49,1,36,F,urban,smartphone,2.1,8.4,2,0,0,0,18,0.74,Freelancer,1
22318,71,180,5,0.77,7,4989,14042,0.51,31,17,0,0.33,4,39,M,urban,smartphone,0.9,0.1,0,0,0,1,12,0.35,Street Vendor,1
14091,29,354,4,0.82,1,1920,16869,0.34,6,3,0,0.75,3,39,M,urban,smartphone,0.3,1.8,0,0,0,1,3,0.24,Domestic Worker,0
6878,7,835,4,0.6,2,731,27056,0.18,19,4,0,0.66,6,56,M,rural,basic,0.9,5.1,0,1,1,0,4,0.4,Rural Farmer,0
16240,17,236,4,0.66,2,2336,12365,0.04,15,12,0,0.55,4,43,M,urban,smartphone,1.2,4.6,0,1,0,1,1,0.22,Domestic Worker,0
455,2,31,0,0.07,1,0,217,0.0,1,1,0,0.11,6,21,F,rural,smartphone,0.3,0.1,0,0,0,0,0,0.05,College Student,0
68090,42,907,5,0.86,2,6176,22253,0.76,67,65,3,0.69,1,31,M,semi-urban,smartphone,4.9,4.3,3,1,1,0,38,0.67,Freelancer,1
4033,0,44,0,0.11,0,0,384,0.0,2,2,0,0.06,5,48,M,semi-urban,basic,0.1,0.0,0,0,0,1,0,0.01,Gig Worker,0
11596,17,257,4,0.85,2,4676,17547,0.6,19,9,1,0.55,3,46,F,urban,basic,0.2,5.1,0,0,1,0,3,0.27,Domestic Worker,0
30081,65,1315,5,0.75,2,17966,6366,0.73,69,59,3,0.32,2,35,F,urban,smartphone,4.3,3.1,2,1,1,0,40,0.58,Freelancer,1
2845,30,56,1,0.54,5,2270,2549,0.17,82,83,3,0.05,1,23,M,urban,smartphone,6.8,0.6,0,1,0,0,16,0.06,College Student,0
26195,42,531,5,0.43,2,8752,21938,0.66,60,43,3,0.28,1,26,M,semi-urban,smartphone,5.9,1.8,0,1,1,0,37,0.18,Gig Worker,1
45413,50,295,5,0.87,3,7168,73311,0.73,39,28,1,0.82,4,31,M,semi-urban,smartphone,2.9,7.8,2,1,0,0,26,0.67,Kirana Store Owner,1
6488,16,128,4,0.73,2,4796,7984,0.07,18,10,0,0.67,5,42,F,urban,smartphone,1.4,4.9,0,1,1,0,4,0.03,Domestic Worker,0
3593,0,20,1,0.14,1,0,550,0.0,4,0,0,0.01,6,28,F,semi-urban,basic,0.1,0.0,0,0,0,0,0,0.0,Kirana Store Owner,0
5781,28,138,4,0.66,3,2716,11464,0.41,18,11,1,0.58,4,28,M,urban,basic,1.2,6.1,0,0,1,1,1,0.32,Domestic Worker,0
17431,98,180,5,0.62,6,3837,3639,0.32,43,23,1,0.56,4,54,M,urban,basic,1.0,2.9,0,0,0,1,8,0.2,Street Vendor,0
8581,67,293,5,0.71,2,4263,25088,0.25,49,14,0,0.54,4,38,M,urban,basic,1.5,1.1,1,0,2,0,13,0.35,Street Vendor,0
45503,49,1908,5,0.84,2,17954,47090,0.52,45,76,3,0.68,2,34,M,urban,smartphone,2.4,6.0,3,1,1,0,20,0.23,Freelancer,1
42639,27,298,5,0.81,1,9562,8569,0.2,55,41,3,0.47,1,25,F,urban,smartphone,6.0,7.7,3,1,1,0,26,0.63,Freelancer,1
9402,17,156,3,0.61,4,1553,1364,0.26,10,12,0,0.19,5,45,M,rural,smartphone,1.3,2.5,0,0,4,0,5,0.16,Migrant Worker,0
15986,11,209,3,0.5,3,2132,2929,0.4,15,5,0,0.4,4,27,M,semi-urban,basic,0.6,0.5,0,0,9,0,7,0.03,Migrant Worker,0
15371,6,409,2,0.54,8,3479,6023,0.45,19,12,0,0.25,4,26,M,semi-urban,smartphone,2.1,1.8,0,0,8,1,6,0.17,Migrant Worker,0
6032,27,127,5,0.67,1,4301,2170,0.19,9,8,0,0.59,4,45,F,urban,basic,0.6,5.4,0,0,0,1,3,0.19,Domestic Worker,0
47641,107,743,5,0.71,1,11659,18766,0.81,58,12,2,0.73,5,46,M,urban,smartphone,1.3,8.6,1,1,1,1,22,0.38,Kirana Store Owner,1
46109,55,871,5,0.86,1,3099,62201,0.77,36,8,1,0.61,4,53,F,urban,smartphone,2.3,3.9,2,0,1,0,26,0.59,Kirana Store Owner,1
30472,128,429,5,0.86,3,11596,33387,0.31,29,13,1,0.87,4,46,F,semi-urban,smartphone,1.4,10.5,1,1,1,0,6,0.65,Kirana Store Owner,1
13957,38,540,5,0.57,2,7296,21267,0.25,33,35,3,0.42,3,34,F,urban,smartphone,7.2,3.2,0,0,2,0,18,0.56,Gig Worker,0
21186,19,1327,2,0.64,3,1217,19880,0.3,9,9,1,0.46,4,34,F,semi-urban,basic,0.5,8.8,1,0,0,0,1,0.18,Rural Farmer,0
8546,29,180,3,0.38,2,6824,3457,0.15,85,46,3,0.01,1,24,M,semi-urban,smartphone,6.9,1.2,0,0,0,0,23,0.31,College Student,0
1997,2,10,1,0.14,1,500,803,0.0,3,0,1,0.05,7,28,F,semi-urban,basic,0.1,0.1,0,0,0,0,0,0.01,Gig Worker,0
47933,74,1308,5,0.51,1,13384,41787,0.75,65,65,2,0.35,3,22,M,urban,smartphone,4.9,2.1,3,1,1,0,53,0.69,Freelancer,1
54445,72,553,5,0.76,1,17039,88692,0.35,89,31,2,0.65,3,32,M,semi-urban,smartphone,6.7,2.2,2,0,1,0,43,0.74,Freelancer,1
15,30,271,1,0.7,2,6475,7849,0.23,67,63,3,0.23,1,18,F,semi-urban,smartphone,9.9,0.9,0,1,0,0,17,0.34,College Student,0
38999,63,476,5,0.94,1,4214,70128,0.49,31,19,1,0.66,5,38,M,semi-urban,smartphone,3.3,6.3,2,1,1,0,13,0.62,Kirana Store Owner,1
14412,23,624,2,0.62,9,3867,9347,0.01,10,22,1,0.31,4,49,M,semi-urban,basic,1.0,1.6,0,0,4,1,6,0.11,Migrant Worker,0
178,18,66,1,0.31,5,4961,8117,0.24,89,59,2,0.08,1,22,M,urban,smartphone,7.2,1.5,0,1,0,0,36,0.2,College Student,0
14566,22,588,2,0.48,9,2441,12068,0.24,6,15,1,0.25,6,46,F,rural,smartphone,1.6,0.2,0,0,7,0,4,0.26,Migrant Worker,0
54650,36,478,5,0.74,3,18244,34726,0.81,50,59,2,0.68,2,22,M,urban,smartphone,5.5,3.3,2,0,0,0,51,0.31,Freelancer,1
8798,32,123,3,0.46,4,5515,4869,0.17,58,76,3,0.07,1,23,F,urban,smartphone,3.4,0.2,0,0,0,0,35,0.31,College Student,0
40101,126,514,5,0.77,1,8807,47666,0.75,46,25,2,0.66,5,51,M,semi-urban,smartphone,2.8,11.2,1,1,0,1,24,0.48,Kirana Store Owner,1
32190,39,489,3,0.68,4,7867,12299,0.2,63,22,2,0.43,3,22,F,urban,smartphone,7.6,1.3,1,0,1,0,11,0.12,Gig Worker,1
9916,28,139,3,0.34,4,3773,13913,0.25,76,87,3,0.3,1,21,M,urban,smartphone,4.9,2.8,0,1,0,1,33,0.04,College Student,0
48607,128,287,5,0.71,1,4130,56223,0.55,32,27,2,0.7,5,48,F,semi-urban,smartphone,3.7,3.8,1,1,0,0,28,0.61,Kirana Store Owner,1
22350,30,347,4,0.52,3,4619,5316,0.52,35,27,2,0.44,1,20,F,urban,smartphone,4.9,0.9,0,1,0,0,35,0.12,Gig Worker,0
473,26,150,1,0.58,2,6564,618,0.26,91,62,3,0.17,1,19,M,urban,smartphone,7.3,1.8,0,0,0,1,18,0.21,College Student,0
2449,0,36,0,0.03,1,0,989,0.0,3,2,1,0.03,3,23,F,rural,basic,0.0,0.3,0,0,0,0,0,0.03,Gig Worker,0
17953,4,1332,4,0.49,1,1037,18026,0.11,16,3,0,0.59,7,53,M,rural,basic,0.4,5.1,0,1,0,1,4,0.27,Rural Farmer,0
5341,0,18,0,0.02,1,500,99,0.0,3,0,0,0.04,3,23,F,semi-urban,basic,0.2,0.2,0,0,0,0,0,0.01,Domestic Worker,0
8496,13,143,4,0.45,9,2946,13307,0.33,28,8,0,0.28,5,35,F,semi-urban,smartphone,1.2,0.4,0,0,4,1,6,0.06,Migrant Worker,0
205,38,157,1,0.65,2,6830,5453,0.21,50,81,2,0.03,1,23,M,urban,smartphone,3.8,2.6,0,0,0,0,40,0.0,College Student,0
10200,33,538,5,0.69,5,9186,4662,0.15,67,54,1,0.41,2,28,F,urban,smartphone,5.5,4.3,1,1,1,0,39,0.24,Gig Worker,0
28009,47,139,3,0.48,3,6394,14445,0.5,44,32,3,0.2,1,22,F,urban,smartphone,6.3,2.2,1,0,1,0,11,0.15,Gig Worker,1
21951,18,1073,2,0.59,2,581,28357,0.56,14,7,0,0.37,7,48,F,semi-urban,smartphone,0.8,9.1,0,1,1,0,2,0.21,Rural Farmer,0
19535,73,131,4,0.69,2,9256,5944,0.66,51,46,3,0.28,3,23,F,semi-urban,smartphone,4.6,0.6,0,0,0,0,18,0.12,Gig Worker,1
43986,61,334,5,0.73,3,8493,53823,0.33,53,22,2,0.69,4,53,F,urban,smartphone,2.0,15.0,1,0,1,0,29,0.33,Kirana Store Owner,1
636,2,14,1,0.09,1,0,85,0.0,4,0,0,0.04,5,34,F,rural,basic,0.3,0.5,0,0,0,0,0,0.03,Kirana Store Owner,0
64223,25,1284,4,0.66,1,5355,90306,0.27,81,78,2,0.31,1,37,F,urban,smartphone,7.6,2.9,2,1,0,0,46,0.77,Freelancer,1
36290,54,1879,4,0.51,3,12684,56935,0.86,45,68,3,0.58,1,31,M,urban,smartphone,5.7,8.7,3,1,1,0,21,0.63,Freelancer,1
12488,8,279,4,0.63,6,1962,11883,0.32,19,24,0,0.27,5,20,M,urban,basic,0.9,1.3,0,0,8,0,8,0.22,Migrant Worker,0
32271,52,284,5,0.9,2,5723,74622,0.83,38,11,1,0.62,5,41,F,semi-urban,smartphone,3.6,9.4,1,1,1,0,17,0.34,Kirana Store Owner,1
30352,124,841,5,0.91,3,7492,12712,0.46,31,11,2,0.88,5,49,M,semi-urban,smartphone,1.4,13.4,2,0,0,0,21,0.65,Kirana Store Owner,1
2842,0,47,1,0.12,1,0,644,0.0,2,2,0,0.03,3,23,F,rural,basic,0.1,0.1,0,0,0,0,0,0.04,Domestic Worker,0
52299,70,1711,5,0.86,1,19344,44482,0.81,47,63,2,0.69,3,32,M,semi-urban,smartphone,5.1,7.8,1,1,1,0,52,0.44,Freelancer,1
27781,32,103,4,0.62,2,3643,4799,0.52,43,37,2,0.44,2,21,M,semi-urban,smartphone,6.5,0.7,1,1,1,0,15,0.15,Gig Worker,1
4632,0,19,0,0.06,1,500,794,0.0,2,1,1,0.08,3,49,F,semi-urban,basic,0.0,0.3,0,0,0,0,0,0.02,Migrant Worker,0
5924,31,101,1,0.34,5,2377,12711,0.13,80,58,3,0.22,1,18,F,urban,smartphone,5.1,2.6,0,1,0,0,35,0.11,College Student,0
17155,43,213,3,0.48,2,7474,14882,0.11,33,25,2,0.47,3,31,M,urban,smartphone,4.3,3.3,0,0,2,0,18,0.4,Gig Worker,0
36675,24,1520,4,0.58,3,16779,69366,0.47,70,79,2,0.69,3,38,F,urban,smartphone,5.1,2.6,3,0,1,0,46,0.62,Freelancer,1
3478,1,18,1,0.12,1,0,426,0.0,1,0,0,0.01,3,45,F,rural,basic,0.0,0.1,0,0,0,0,0,0.05,Kirana Store Owner,0
8341,23,214,1,0.55,3,3440,11767,0.25,75,45,3,0.19,1,20,F,semi-urban,smartphone,4.9,1.6,0,0,0,1,30,0.01,College Student,0
5437,15,281,5,0.87,2,3729,4685,0.11,15,6,0,0.79,5,49,F,urban,smartphone,0.4,7.3,0,1,0,1,4,0.33,Domestic Worker,0
9682,54,153,2,0.48,3,4138,13843,0.26,57,64,3,0.01,1,20,F,urban,smartphone,7.9,1.6,0,0,0,1,18,0.16,College Student,0
24524,58,529,4,0.65,3,4692,22436,0.52,49,55,2,0.41,3,25,F,urban,smartphone,8.0,3.9,0,0,0,0,33,0.49,Gig Worker,1
75061,50,1687,4,0.81,3,5119,15628,0.86,86,52,2,0.6,2,28,M,urban,smartphone,7.0,2.9,3,0,0,0,28,0.36,Freelancer,1
6866,33,150,3,0.61,3,5927,12620,0.01,81,69,3,0.04,1,20,M,urban,smartphone,3.9,0.2,0,0,0,0,33,0.34,College Student,0
9519,110,297,3,0.78,7,4598,13109,0.33,34,15,1,0.45,3,34,M,urban,basic,2.4,1.8,0,0,0,0,13,0.5,Street Vendor,0
8686,15,1046,3,0.47,2,1280,4463,0.48,10,12,1,0.59,4,39,M,rural,basic,0.7,1.2,1,1,0,0,3,0.41,Rural Farmer,0
5564,28,184,5,0.81,2,4439,12846,0.49,23,5,0,0.85,3,34,F,semi-urban,smartphone,1.1,0.8,0,0,0,0,0,0.29,Domestic Worker,0
4757,2,48,0,0.13,0,1000,870,0.0,3,0,1,0.1,3,18,M,rural,basic,0.0,0.2,0,0,0,1,0,0.03,Kirana Store Owner,0
14360,7,261,5,0.84,3,3420,8650,0.33,17,3,0,0.89,4,29,F,urban,basic,1.1,3.7,0,0,1,1,2,0.32,Domestic Worker,0
40810,60,331,5,0.78,1,6377,27698,0.85,45,8,2,0.82,5,53,M,semi-urban,smartphone,2.8,3.4,1,1,1,0,5,0.62,Kirana Store Owner,1
11315,13,581,4,0.55,8,2469,11833,0.32,20,19,0,0.44,4,43,F,rural,smartphone,1.2,1.6,0,0,4,0,8,0.2,Migrant Worker,0
52546,69,1650,4,0.83,1,6270,39124,0.53,63,54,3,0.44,1,28,M,semi-urban,smartphone,6.6,8.0,1,1,0,0,56,0.61,Freelancer,1
11668,46,231,5,0.42,5,3291,19063,0.37,41,8,1,0.42,5,30,F,urban,basic,2.6,3.5,0,0,2,1,3,0.27,Street Vendor,0
15705,75,265,5,0.56,4,3082,16207,0.39,35,12,1,0.26,6,50,F,urban,basic,1.1,1.2,1,0,1,0,11,0.09,Street Vendor,0
11179,74,122,4,0.6,2,3924,10386,0.17,31,1,1,0.25,4,40,F,urban,basic,2.2,0.4,0,0,2,1,7,0.3,Street Vendor,0
1518,2,5,0,0.15,1,1000,135,0.0,0,2,0,0.07,6,42,F,rural,smartphone,0.2,0.1,0,0,0,0,0,0.01,Freelancer,0
73562,69,370,5,0.84,1,16222,99634,0.37,80,72,3,0.53,2,32,F,urban,smartphone,2.8,1.2,2,1,0,0,25,0.59,Freelancer,1
5834,44,123,3,0.3,5,4113,923,0.23,63,67,2,0.2,1,18,F,urban,smartphone,6.6,3.0,0,0,0,0,32,0.06,College Student,0
26549,74,505,5,0.58,4,3793,15015,0.21,58,40,3,0.35,2,32,M,urban,smartphone,3.2,1.8,1,0,2,0,16,0.57,Gig Worker,1
7611,8,493,2,0.47,7,2705,781,0.47,24,24,1,0.28,5,46,M,rural,smartphone,1.5,2.8,0,0,8,0,2,0.29,Migrant Worker,0
11105,16,336,5,0.82,3,1673,9284,0.28,21,12,0,0.68,4,49,M,urban,basic,0.6,7.5,0,0,0,0,0,0.14,Domestic Worker,0
787,0,46,1,0.12,0,0,607,0.0,1,1,1,0.06,3,42,M,rural,smartphone,0.1,0.5,0,0,0,0,0,0.0,Street Vendor,0
25630,71,217,5,0.73,1,3878,16511,0.55,26,28,1,0.88,3,31,F,semi-urban,smartphone,3.0,10.9,2,1,0,0,16,0.66,Kirana Store Owner,1
2099,1,17,0,0.09,1,1000,526,0.0,1,0,1,0.07,6,51,F,rural,basic,0.0,0.2,0,0,0,0,0,0.02,Gig Worker,0
8126,25,247,2,0.48,2,2937,1989,0.16,69,59,3,0.23,1,21,F,urban,smartphone,4.6,1.7,0,0,0,1,17,0.33,College Student,0
7739,19,417,3,0.43,9,1752,11614,0.34,8,16,1,0.26,5,44,M,rural,basic,1.5,0.5,0,0,4,0,3,0.12,Migrant Worker,0
12244,57,281,3,0.8,5,5661,15193,0.66,11,20,0,0.22,3,25,M,semi-urban,basic,1.7,4.3,1,0,1,1,0,0.3,Street Vendor,1
1059,51,127,1,0.36,4,5608,279,0.23,79,40,3,0.24,1,20,F,urban,smartphone,3.0,1.5,0,0,0,0,29,0.27,College Student,0
18451,10,396,3,0.49,9,2334,1219,0.11,17,12,0,0.4,6,28,F,urban,smartphone,2.0,2.4,0,0,8,0,7,0.24,Migrant Worker,0
5293,1,37,1,0.11,0,0,587,0.0,0,2,0,0.1,5,59,F,rural,basic,0.2,0.3,0,0,0,0,0,0.01,Kirana Store Owner,0
29123,123,400,5,0.86,1,11543,33330,0.44,32,9,1,0.88,4,33,M,semi-urban,smartphone,1.9,3.1,1,0,1,0,9,0.5,Kirana Store Owner,1
5662,2,9,0,0.05,1,0,445,0.0,1,2,0,0.03,4,38,F,rural,smartphone,0.1,0.5,0,0,0,1,0,0.04,College Student,0
9834,90,152,5,0.53,3,2307,1911,0.36,21,4,1,0.56,5,31,M,urban,smartphone,2.5,0.9,1,0,0,1,13,0.16,Street Vendor,0
49177,188,990,5,0.85,3,3468,36338,0.46,24,5,2,0.85,5,51,M,semi-urban,smartphone,1.3,9.6,2,0,1,0,9,0.43,Kirana Store Owner,1
20528,12,1616,3,0.69,1,1647,13830,0.64,14,2,1,0.68,4,48,F,semi-urban,basic,0.4,9.2,0,0,1,1,2,0.24,Rural Farmer,1
12542,7,312,4,0.66,1,2231,11413,0.58,23,6,1,0.59,3,47,M,urban,basic,0.4,6.7,0,1,0,1,2,0.4,Domestic Worker,1
2660,0,26,1,0.04,1,500,821,0.0,0,2,0,0.06,4,26,F,semi-urban,basic,0.2,0.3,0,0,0,0,0,0.04,Migrant Worker,0
3882,1,24,0,0.14,0,1000,95,0.0,4,2,0,0.05,5,21,F,rural,basic,0.2,0.0,0,0,0,1,0,0.03,College Student,0
17971,13,332,2,0.32,3,2100,4304,0.22,7,20,1,0.33,7,36,M,rural,basic,1.9,0.9,0,0,6,0,7,0.08,Migrant Worker,0
3751,2,10,0,0.02,1,500,701,0.0,0,2,1,0.06,7,31,F,rural,basic,0.2,0.4,0,0,0,1,0,0.03,Freelancer,0
11941,5,117,4,0.75,2,2701,3271,0.18,19,9,1,0.69,4,50,F,semi-urban,basic,0.6,2.5,0,1,0,1,2,0.23,Domestic Worker,0
31678,33,541,3,0.63,5,6316,20844,0.56,47,20,3,0.24,3,29,M,urban,smartphone,6.5,4.8,1,0,2,0,36,0.31,Gig Worker,1
15432,17,632,4,0.35,5,1552,13539,0.15,23,14,1,0.18,6,48,M,urban,basic,1.4,0.4,0,0,5,0,7,0.13,Migrant Worker,0
9865,11,418,5,0.89,2,4793,841,0.52,21,10,0,0.81,3,44,F,urban,smartphone,1.5,3.3,0,0,0,1,3,0.35,Domestic Worker,0
19562,100,256,3,0.46,4,4974,18939,0.62,16,24,2,0.55,5,22,F,urban,basic,1.3,2.8,0,0,1,0,11,0.05,Street Vendor,1
15201,89,231,4,0.76,2,5675,9349,0.1,41,0,1,0.24,6,34,M,urban,smartphone,2.3,4.7,1,0,0,0,14,0.42,Street Vendor,0
18718,153,992,5,0.88,3,6841,22157,0.84,45,23,1,0.86,5,54,F,semi-urban,smartphone,3.5,7.8,2,0,1,1,24,0.53,Kirana Store Owner,1
14664,86,595,3,0.58,4,8910,9542,0.5,39,36,2,0.3,1,26,F,semi-urban,smartphone,5.9,3.1,1,1,1,0,21,0.31,Gig Worker,1
10135,6,363,4,0.37,9,2478,3886,0.28,13,7,1,0.22,5,41,F,urban,smartphone,1.1,0.5,0,0,9,1,1,0.02,Migrant Worker,0
13457,8,1646,2,0.67,1,1434,23498,0.13,3,12,1,0.57,6,52,M,rural,basic,1.4,8.5,0,1,0,1,0,0.32,Rural Farmer,0
10598,52,70,4,0.47,4,5929,8132,0.2,14,11,1,0.27,6,22,F,urban,basic,0.9,3.3,1,0,1,0,4,0.38,Street Vendor,0
23244,13,1811,3,0.57,2,1787,35926,0.1,7,8,1,0.69,6,59,M,semi-urban,basic,1.2,7.9,1,1,0,1,3,0.49,Rural Farmer,1
5903,2,42,0,0.02,1,1000,915,0.0,0,2,1,0.07,3,28,F,semi-urban,basic,0.3,0.3,0,0,0,0,0,0.04,Migrant Worker,0
16792,68,238,5,0.81,2,4362,44756,0.51,51,22,2,0.87,5,38,M,semi-urban,smartphone,1.4,14.8,2,0,1,0,18,0.37,Kirana Store Owner,1
643,1,36,1,0.09,0,0,957,0.0,0,1,0,0.09,4,30,M,rural,basic,0.1,0.4,0,0,0,0,0,0.02,Kirana Store Owner,0
63905,60,1699,5,0.67,3,11469,55472,0.71,58,75,2,0.63,3,30,F,urban,smartphone,7.4,2.9,3,1,0,0,45,0.62,Freelancer,1
4759,58,206,1,0.59,2,7156,668,0.1,61,59,2,0.1,1,24,F,urban,smartphone,3.1,2.2,0,0,0,1,40,0.11,College Student,0
50463,47,277,4,0.71,1,15938,98262,0.89,70,65,3,0.39,2,35,F,semi-urban,smartphone,7.6,4.4,3,0,0,0,50,0.66,Freelancer,1
10253,21,427,4,0.88,2,1520,6877,0.46,11,5,1,0.82,4,36,M,urban,basic,0.5,3.0,0,0,1,1,3,0.3,Domestic Worker,0
50189,44,1247,4,0.79,1,9665,37796,0.82,48,42,3,0.35,2,35,F,semi-urban,smartphone,4.5,7.8,3,1,1,0,47,0.32,Freelancer,1
42477,43,717,5,0.61,3,14054,37919,0.34,43,33,3,0.49,1,23,F,semi-urban,smartphone,5.9,3.4,1,1,0,0,43,0.62,Freelancer,1
13849,10,1161,4,0.55,3,864,26583,0.43,9,11,1,0.6,5,49,F,rural,basic,1.5,7.8,1,1,0,1,2,0.23,Rural Farmer,0
23092,114,285,5,0.71,3,3221,25676,0.47,29,13,2,0.43,3,45,M,urban,basic,0.9,1.8,1,0,1,0,8,0.25,Street Vendor,1
15745,74,244,4,0.7,3,5055,22986,0.36,45,54,1,0.48,1,28,M,urban,smartphone,7.8,3.0,1,0,0,0,35,0.44,Gig Worker,1
8201,19,925,4,0.31,1,1175,31918,0.52,11,13,1,0.4,5,35,F,rural,basic,1.9,8.4,0,1,1,1,1,0.28,Rural Farmer,0
11229,9,312,5,0.82,1,4011,4293,0.31,12,14,0,0.77,3,30,M,urban,smartphone,0.9,5.7,0,0,0,1,4,0.22,Domestic Worker,0
28463,73,487,3,0.67,5,8039,26271,0.18,60,28,1,0.48,1,24,M,urban,smartphone,7.8,4.5,0,0,1,0,23,0.26,Gig Worker,1
24135,60,220,4,0.41,7,5777,26713,0.65,44,19,1,0.4,5,34,F,urban,basic,2.5,4.1,1,0,2,0,3,0.14,Street Vendor,1
22461,67,1741,4,0.68,3,9426,94445,0.81,54,35,2,0.4,3,38,M,urban,smartphone,6.9,2.6,2,1,1,0,24,0.56,Freelancer,1
20379,95,223,3,0.57,5,3443,15369,0.17,13,27,2,0.53,6,44,M,semi-urban,smartphone,1.9,4.4,1,0,2,0,10,0.42,Street Vendor,1
14605,10,859,3,0.5,1,910,8742,0.39,16,12,1,0.52,5,57,M,rural,smartphone,0.8,5.5,0,0,0,1,2,0.2,Rural Farmer,0
8240,40,202,3,0.44,3,5117,79,0.1,70,40,2,0.19,1,23,M,semi-urban,smartphone,7.0,0.2,0,0,0,0,17,0.17,College Student,0
14350,5,476,4,0.48,5,3488,804,0.41,8,23,0,0.45,5,34,F,semi-urban,smartphone,2.4,0.8,0,0,10,1,2,0.24,Migrant Worker,0
23622,69,574,5,0.94,1,10779,14427,0.68,32,22,1,0.69,4,36,M,semi-urban,smartphone,1.2,12.3,1,1,0,0,23,0.56,Kirana Store Owner,1
1367,1,17,1,0.0,0,0,859,0.0,2,1,0,0.01,7,54,F,rural,basic,0.0,0.5,0,0,0,0,0,0.01,College Student,0
469,2,18,1,0.06,0,0,670,0.0,3,0,0,0.02,4,32,F,rural,basic,0.0,0.2,0,0,0,1,0,0.0,College Student,0
11024,61,169,3,0.44,2,9721,21741,0.52,57,52,1,0.21,2,22,M,urban,smartphone,5.8,3.2,0,0,1,0,38,0.11,Gig Worker,1
47818,116,122,5,0.89,2,8451,34635,0.5,45,18,1,0.69,3,48,M,semi-urban,smartphone,3.6,4.5,1,1,1,0,5,0.32,Kirana Store Owner,1
17985,6,349,3,0.46,4,3248,6228,0.34,18,9,1,0.28,5,20,F,rural,smartphone,2.4,2.1,0,0,10,0,8,0.16,Migrant Worker,0
7820,18,432,4,0.43,8,2370,5206,0.09,26,7,0,0.21,6,43,F,semi-urban,smartphone,1.4,2.4,0,0,7,1,0,0.13,Migrant Worker,0
27728,32,470,3,0.76,5,7903,2589,0.14,46,23,3,0.47,3,25,F,semi-urban,smartphone,7.0,1.3,1,0,1,0,17,0.32,Gig Worker,0
17137,9,1415,3,0.38,2,1112,20573,0.39,7,0,0,0.44,4,31,F,rural,smartphone,0.4,7.8,0,0,1,1,3,0.13,Rural Farmer,0
47629,173,164,5,0.7,2,9886,56616,0.63,39,8,1,0.76,4,51,M,urban,smartphone,3.9,8.7,1,1,0,0,25,0.63,Kirana Store Owner,1
14635,8,1753,3,0.57,2,753,14066,0.48,14,10,0,0.39,5,39,M,rural,basic,0.4,4.2,1,1,1,1,4,0.14,Rural Farmer,0
21422,17,1323,3,0.54,1,28,20735,0.51,4,9,1,0.7,4,35,M,rural,smartphone,1.8,4.3,0,1,1,1,4,0.44,Rural Farmer,0
20508,93,151,3,0.75,2,3079,28419,0.14,51,58,1,0.46,1,24,F,urban,smartphone,5.7,2.8,0,1,0,0,32,0.24,Gig Worker,1
9859,53,92,1,0.68,2,3107,9599,0.28,65,67,2,0.11,1,23,F,urban,smartphone,9.3,0.3,0,0,0,0,34,0.16,College Student,0
24390,158,605,5,0.96,1,4135,51356,0.83,41,11,2,0.78,3,45,F,semi-urban,smartphone,2.6,14.6,1,1,0,0,6,0.34,Kirana Store Owner,1
18822,21,701,2,0.52,8,1039,3256,0.04,17,20,0,0.48,6,20,M,rural,smartphone,0.9,0.9,0,0,11,0,5,0.05,Migrant Worker,0
38068,60,482,5,0.76,1,11287,44251,0.25,48,73,3,0.46,1,31,M,semi-urban,smartphone,3.9,8.5,1,1,0,0,41,0.44,Freelancer,1
21042,78,154,4,0.65,6,2955,12655,0.61,14,10,1,0.59,4,29,M,urban,basic,3.0,2.1,0,1,0,1,14,0.39,Street Vendor,1
16601,12,602,4,0.41,5,3405,1425,0.15,15,22,0,0.49,6,36,M,rural,smartphone,2.0,1.2,0,0,5,0,9,0.07,Migrant Worker,0
9582,11,157,2,0.52,4,2554,4079,0.29,10,10,1,0.27,5,38,F,rural,basic,1.1,0.9,0,0,5,0,4,0.17,Migrant Worker,0
14927,79,286,4,0.58,4,4323,26510,0.42,66,46,3,0.45,1,26,M,urban,smartphone,3.4,2.6,0,1,2,0,22,0.19,Gig Worker,1
28633,52,190,5,0.8,3,3019,26874,0.35,45,8,1,0.69,5,33,F,semi-urban,smartphone,3.7,8.8,1,0,1,1,13,0.46,Kirana Store Owner,1
5115,21,433,5,0.89,1,4136,19957,0.18,20,9,1,0.51,5,46,M,semi-urban,basic,1.1,2.2,0,0,0,1,2,0.25,Domestic Worker,0
58,0,25,0,0.05,0,500,357,0.0,1,2,0,0.08,7,26,M,rural,smartphone,0.2,0.4,0,0,0,0,0,0.03,Street Vendor,0
5218,32,55,1,0.59,3,7657,9955,0.1,82,44,3,0.09,1,22,F,urban,smartphone,4.6,1.5,0,0,0,1,38,0.25,College Student,0
11394,87,287,5,0.42,6,3218,15912,0.43,13,20,1,0.27,3,38,M,semi-urban,basic,1.5,0.9,1,0,1,0,8,0.02,Street Vendor,0
23785,15,280,4,0.56,1,953,2073,0.54,16,4,0,0.44,5,52,M,rural,basic,2.0,4.6,1,0,1,1,3,0.48,Rural Farmer,0
19612,14,1372,2,0.59,1,826,33636,0.41,10,3,1,0.58,4,31,M,semi-urban,smartphone,1.5,6.1,1,0,0,1,1,0.16,Rural Farmer,0
21965,105,286,3,0.5,7,4108,11783,0.0,43,8,1,0.26,6,29,M,semi-urban,smartphone,2.9,0.8,0,0,2,0,9,0.2,Street Vendor,0
10831,27,101,5,0.81,2,4279,14580,0.23,6,8,1,0.67,4,46,M,urban,smartphone,1.1,0.4,0,0,1,1,0,0.13,Domestic Worker,0
18840,14,776,2,0.35,8,2640,587,0.15,27,16,0,0.47,7,41,F,urban,basic,1.2,1.1,0,0,4,1,7,0.18,Migrant Worker,0
23552,86,290,3,0.65,4,2341,11509,0.01,49,15,0,0.47,4,35,M,semi-urban,smartphone,2.7,1.0,0,0,1,1,0,0.39,Street Vendor,0
41676,81,506,5,0.86,2,11565,59952,0.82,32,26,1,0.75,3,46,F,semi-urban,smartphone,1.1,11.1,1,1,1,0,19,0.5,Kirana Store Owner,1
5044,37,216,2,0.33,5,7071,11160,0.22,73,74,2,0.24,1,23,F,urban,smartphone,4.5,1.2,0,1,0,0,24,0.07,College Student,0
16325,24,324,4,0.83,2,3111,15438,0.16,22,8,1,0.86,4,49,M,urban,basic,0.7,0.2,0,0,1,1,4,0.33,Domestic Worker,0
31566,71,195,4,0.79,4,8713,14412,0.42,69,35,3,0.47,3,33,F,semi-urban,smartphone,5.5,3.7,1,0,0,0,39,0.43,Gig Worker,1
18874,17,1418,3,0.69,3,1457,30863,0.26,19,12,0,0.59,5,35,F,rural,basic,0.9,1.2,1,0,0,1,4,0.46,Rural Farmer,0
434,1,23,1,0.04,1,0,952,0.0,4,2,0,0.01,4,59,F,semi-urban,smartphone,0.1,0.1,0,0,0,0,0,0.03,Street Vendor,0
4626,1,47,0,0.13,1,1000,898,0.0,3,1,0,0.07,4,30,F,rural,basic,0.2,0.1,0,0,0,0,0,0.04,Gig Worker,0
15472,140,384,5,0.94,1,8057,35400,0.83,32,7,1,0.77,4,41,M,urban,smartphone,1.2,4.5,2,1,1,0,6,0.32,Kirana Store Owner,1
34932,198,987,5,0.75,1,10187,68267,0.72,24,24,1,0.84,5,40,M,semi-urban,smartphone,2.3,6.0,2,1,0,1,9,0.65,Kirana Store Owner,1
20148,62,154,3,0.78,4,5031,20145,0.52,10,3,2,0.42,3,32,F,urban,smartphone,0.5,3.8,1,1,0,0,9,0.02,Street Vendor,1
29809,77,212,4,0.5,5,8387,8306,0.63,49,33,2,0.37,1,31,M,semi-urban,smartphone,5.5,2.8,1,0,2,0,27,0.37,Gig Worker,1
7394,21,452,5,0.65,2,4884,17932,0.26,13,14,0,0.75,5,34,F,urban,basic,0.8,1.3,0,0,0,0,4,0.08,Domestic Worker,0
3925,52,114,1,0.48,2,6544,4370,0.15,60,42,3,0.16,1,22,F,semi-urban,smartphone,5.9,0.0,0,1,0,0,23,0.18,College Student,0
49949,175,933,5,0.8,1,5253,11737,0.8,46,27,2,0.79,5,44,F,urban,smartphone,3.9,5.5,1,0,1,0,17,0.36,Kirana Store Owner,1
501,0,37,0,0.07,0,0,484,0.0,3,1,0,0.07,7,49,F,rural,smartphone,0.2,0.2,0,0,0,0,0,0.02,Freelancer,0
28189,89,200,4,0.78,2,9135,14645,0.3,36,38,1,0.37,3,32,F,urban,smartphone,5.8,2.2,0,0,2,0,28,0.52,Gig Worker,1
3340,2,6,1,0.09,1,0,116,0.0,3,1,0,0.12,3,49,F,rural,basic,0.2,0.5,0,0,0,1,0,0.01,Rural Farmer,0
30065,74,1630,5,0.53,2,11927,35267,0.78,60,30,2,0.44,1,34,M,urban,smartphone,4.9,4.9,3,0,1,0,49,0.38,Freelancer,1
32025,87,270,5,0.74,4,3449,16769,0.66,55,43,2,0.48,1,27,M,urban,smartphone,7.0,3.2,0,0,2,0,34,0.25,Gig Worker,1
15731,4,1773,2,0.44,1,715,30571,0.33,7,9,1,0.5,4,38,M,rural,basic,0.3,5.4,1,1,1,1,1,0.37,Rural Farmer,0
29663,94,502,4,0.74,3,9217,10751,0.61,63,38,3,0.43,2,24,M,urban,smartphone,7.8,0.9,1,0,2,0,25,0.43,Gig Worker,1
17687,151,989,5,0.77,1,9609,38959,0.35,40,10,1,0.87,5,38,F,urban,smartphone,2.2,7.4,2,1,0,1,25,0.41,Kirana Store Owner,1
3699,1,14,1,0.14,1,500,339,0.0,4,0,1,0.07,5,50,M,semi-urban,basic,0.2,0.4,0,0,0,1,0,0.04,Street Vendor,0
8945,59,271,2,0.62,3,4508,8138,0.17,74,67,2,0.28,1,21,M,urban,smartphone,5.9,2.0,0,0,0,0,18,0.18,College Student,0
1645,2,20,1,0.03,0,0,651,0.0,1,2,1,0.07,3,26,M,rural,smartphone,0.2,0.4,0,0,0,1,0,0.03,Street Vendor,0
14235,7,172,3,0.34,8,3339,5469,0.42,7,5,1,0.47,5,36,F,semi-urban,smartphone,1.6,2.6,0,0,11,0,0,0.16,Migrant Worker,0
8187,7,600,3,0.35,3,1760,5120,0.29,21,10,0,0.12,7,37,M,semi-urban,basic,2.1,1.3,0,0,6,0,1,0.08,Migrant Worker,0
1380,0,1,0,0.09,0,1000,192,0.0,4,0,0,0.06,3,28,M,semi-urban,basic,0.1,0.2,0,0,0,1,0,0.04,Rural Farmer,0
12975,17,795,2,0.53,8,2715,10298,0.03,15,7,0,0.35,4,30,F,rural,smartphone,1.9,1.8,0,0,8,0,6,0.06,Migrant Worker,0
2564,0,28,1,0.03,1,0,278,0.0,0,0,0,0.0,7,19,M,semi-urban,smartphone,0.1,0.3,0,0,0,0,0,0.04,Freelancer,0
10265,19,259,5,0.83,1,3559,12061,0.06,16,5,1,0.76,4,32,M,urban,basic,0.6,3.6,0,0,0,1,4,0.1,Domestic Worker,0
20937,117,284,5,0.54,2,3203,16696,0.44,38,2,1,0.57,4,23,F,semi-urban,basic,2.7,4.9,1,1,1,0,5,0.03,Street Vendor,1
1228,1,16,0,0.02,1,0,207,0.0,1,0,1,0.07,6,41,F,rural,basic,0.1,0.5,0,0,0,0,0,0.02,Gig Worker,0
47601,187,729,5,0.97,1,6087,33676,0.7,46,7,2,0.89,4,51,M,urban,smartphone,3.9,8.4,2,1,1,0,19,0.35,Kirana Store Owner,1
49263,118,180,5,0.91,3,10705,45130,0.38,23,7,2,0.79,3,40,F,semi-urban,smartphone,1.3,10.1,1,1,1,0,20,0.39,Kirana Store Owner,1
24749,99,59,3,0.56,2,2301,11925,0.58,37,16,2,0.43,6,40,M,urban,basic,2.4,1.9,0,0,0,1,4,0.1,Street Vendor,1
31783,72,283,5,0.56,3,5614,29969,0.24,45,53,2,0.28,3,30,M,urban,smartphone,3.2,4.4,1,0,2,0,14,0.37,Gig Worker,1
49552,48,1211,5,0.66,1,11265,8102,0.31,45,60,3,0.56,1,34,M,semi-urban,smartphone,4.4,8.5,3,0,0,0,22,0.26,Freelancer,1
46566,132,332,5,0.96,3,10037,41244,0.43,27,7,1,0.78,3,28,F,semi-urban,smartphone,3.0,9.7,1,1,0,0,15,0.49,Kirana Store Owner,1
15619,23,134,2,0.7,9,1768,10346,0.36,10,7,0,0.21,4,32,M,semi-urban,basic,2.0,0.9,0,0,8,1,0,0.12,Migrant Worker,0
7706,42,61,1,0.52,2,3087,9327,0.18,80,62,3,0.28,1,20,M,urban,smartphone,9.3,0.0,0,0,0,1,43,0.22,College Student,0
27282,89,421,5,0.57,3,4172,27279,0.17,45,34,3,0.22,1,22,F,urban,smartphone,4.8,1.6,0,0,1,0,34,0.28,Gig Worker,1
24727,4,1454,3,0.63,2,728,22276,0.25,8,9,0,0.61,7,41,M,semi-urban,basic,1.6,5.3,1,1,0,1,2,0.46,Rural Farmer,1
5920,1,32,0,0.04,1,0,288,0.0,1,2,0,0.01,7,30,M,semi-urban,basic,0.3,0.1,0,0,0,0,0,0.03,Gig Worker,0
36719,154,982,5,0.73,1,9808,54684,0.81,23,5,1,0.79,4,53,M,semi-urban,smartphone,3.2,8.6,2,0,1,1,29,0.57,Kirana Store Owner,1
33554,54,366,5,0.49,3,7857,16517,0.13,49,40,2,0.28,1,29,M,semi-urban,smartphone,7.7,1.6,0,0,0,0,39,0.57,Gig Worker,1
50570,59,1577,5,0.58,1,12841,99218,0.23,63,62,3,0.35,2,37,M,urban,smartphone,6.8,2.1,3,1,1,0,55,0.73,Freelancer,1
58709,26,1846,4,0.5,1,11516,97815,0.5,76,30,3,0.34,2,33,F,urban,smartphone,2.5,2.8,3,1,0,0,20,0.36,Freelancer,1
36936,54,1136,5,0.64,2,16275,74299,0.89,71,60,2,0.31,2,35,F,urban,smartphone,4.1,1.8,2,1,1,0,24,0.32,Freelancer,1
4066,21,215,3,0.37,2,7155,8654,0.09,76,56,3,0.29,1,20,F,semi-urban,smartphone,3.6,1.9,0,0,0,1,27,0.12,College Student,0
14871,27,310,5,0.6,1,3760,2428,0.22,5,11,1,0.51,3,25,F,urban,smartphone,0.6,0.6,0,0,0,0,2,0.34,Domestic Worker,0
9202,59,109,3,0.47,5,6945,6611,0.18,82,81,3,0.03,1,22,F,semi-urban,smartphone,3.9,2.0,0,1,0,1,18,0.13,College Student,0
13538,14,214,5,0.87,2,3721,16531,0.58,20,5,1,0.58,5,40,F,urban,basic,0.6,6.9,0,0,0,1,0,0.08,Domestic Worker,0
33504,67,122,3,0.62,3,6847,26978,0.49,65,24,2,0.32,3,25,F,semi-urban,smartphone,5.0,0.8,1,1,0,0,24,0.52,Gig Worker,1
11134,6,274,3,0.49,8,2677,13907,0.46,17,6,1,0.34,6,35,M,semi-urban,smartphone,0.5,1.2,0,0,8,0,4,0.26,Migrant Worker,0
64602,73,1268,4,0.72,2,10465,83200,0.34,54,73,2,0.4,2,36,F,semi-urban,smartphone,6.4,8.0,2,1,1,0,36,0.37,Freelancer,1
2141,0,10,0,0.01,1,1000,801,0.0,0,2,0,0.06,7,33,M,semi-urban,basic,0.2,0.4,0,0,0,1,0,0.03,Rural Farmer,0
15882,86,184,3,0.43,6,4738,11247,0.68,16,27,2,0.59,6,35,M,semi-urban,basic,1.5,4.7,1,0,0,0,11,0.24,Street Vendor,1
11095,6,589,2,0.63,8,2237,3756,0.13,9,15,0,0.29,5,23,M,semi-urban,basic,0.6,2.1,0,0,4,0,9,0.07,Migrant Worker,0
9777,5,272,4,0.65,2,3038,1829,0.58,7,9,0,0.72,3,43,M,semi-urban,smartphone,0.3,6.2,0,0,0,1,0,0.28,Domestic Worker,0
12501,5,436,4,0.64,2,2008,14106,0.52,19,10,1,0.77,3,33,F,semi-urban,basic,0.4,2.1,0,0,0,0,2,0.09,Domestic Worker,0
16149,140,983,5,0.72,3,11533,44941,0.73,39,22,1,0.68,4,29,M,urban,smartphone,3.2,4.9,1,1,1,0,21,0.6,Kirana Store Owner,1
7584,51,224,2,0.31,2,2417,329,0.2,76,66,3,0.11,1,20,M,urban,smartphone,4.3,0.7,0,1,0,0,42,0.05,College Student,0
19095,9,1240,4,0.5,1,1642,36392,0.66,9,1,0,0.51,6,51,F,semi-urban,basic,1.3,1.5,1,0,0,1,2,0.24,Rural Farmer,1
17996,25,230,5,0.67,2,4057,3435,0.47,7,12,0,0.79,4,31,F,semi-urban,basic,1.0,2.8,0,0,0,1,2,0.02,Domestic Worker,0
